"size","frequency"
-1.35192784644464,0.28929701415929
-0.836907714465732,0.208166304972753
-0.32188758248682,0.212001893246111
0.193132549492092,0.156166184181319
0.708152681471004,0.0841924261615252
1.22317281344992,0.0347412348827454
1.73819294542883,0.0114236128933939
2.25321307740774,0.00312009194876809
2.76823320938665,0.000736250033519685
3.28325334136556,0.000154987520574652
