"size","frequency"
-1.35192784644464,0.291735649566678
-0.836907714465732,0.206332669533706
-0.32188758248682,0.210393940418468
0.193132549492092,0.1559224665504
0.708152681471004,0.0847452025914987
1.22317281344992,0.0352128045875126
1.73819294542883,0.0116087068640608
2.25321307740774,0.00315905416193658
2.76823320938665,0.00073725586684069
3.28325334136556,0.00015224985889907
