"size","frequency"
-1.35192784644464,0.296470529746707
-0.836907714465732,0.21003540833861
-0.32188758248682,0.21154568810576
0.193132549492092,0.153550135023832
0.708152681471004,0.0813047135830284
1.22317281344992,0.0328968261176066
1.73819294542883,0.0105894769820756
2.25321307740774,0.00282455251181596
2.76823320938665,0.000649428387426586
3.28325334136556,0.000133241203138382
