"size","frequency"
-1.35192784644464,0.241490551945744
-0.836907714465732,0.184490841554384
-0.32188758248682,0.214014862188776
0.193132549492092,0.177882801712686
0.708152681471004,0.107764178488337
1.22317281344992,0.0496448952720786
1.73819294542883,0.0179480701725347
2.25321307740774,0.00523860783082371
2.76823320938665,0.0012663798991397
3.28325334136556,0.000258810935496101
