"size","frequency"
-1.35192784644464,0.287616297680073
-0.836907714465732,0.205763314468847
-0.32188758248682,0.212281801120193
0.193132549492092,0.157874088403672
0.708152681471004,0.0855476095844221
1.22317281344992,0.0353475526100217
1.73819294542883,0.0115783132800975
2.25321307740774,0.00312381706214914
2.76823320938665,0.000720388340322646
3.28325334136556,0.000146817450200991
