"size","frequency"
-1.35192784644464,0.293506612868802
-0.836907714465732,0.207392017444869
-0.32188758248682,0.211072950948737
0.193132549492092,0.155277454710693
0.708152681471004,0.0834457074240681
1.22317281344992,0.0342621797577161
1.73819294542883,0.0111759403322391
2.25321307740774,0.00301670495810733
2.76823320938665,0.000703096879413566
3.28325334136556,0.000147334675355779
