"size","frequency"
-1.35192784644464,0.243527762077968
-0.836907714465732,0.184509473390182
-0.32188758248682,0.213583785588044
0.193132549492092,0.17726887727518
0.708152681471004,0.107247537272428
1.22317281344992,0.0493432305639037
1.73819294542883,0.017816154065084
2.25321307740774,0.00519340136417641
2.76823320938665,0.00125384628491145
3.28325334136556,0.000255932118122192
