"size","frequency"
-1.35192784644464,0.240487476426493
-0.836907714465732,0.196178453398825
-0.32188758248682,0.218297011799609
0.193132549492092,0.174549972527865
0.708152681471004,0.101773785110688
1.22317281344992,0.0454362266016071
1.73819294542883,0.0163605942003886
2.25321307740774,0.00506335833135922
2.76823320938665,0.00144742876091087
3.28325334136556,0.000405692842254131
