"size","frequency"
-1.35192784644464,0.292894289522357
-0.836907714465732,0.203193451487625
-0.32188758248682,0.210084398451447
0.193132549492092,0.157185536160614
0.708152681471004,0.0856482177059599
1.22317281344992,0.035463636679709
1.73819294542883,0.0115794347709153
2.25321307740774,0.00310021154613875
2.76823320938665,0.000707974483833842
3.28325334136556,0.000142849191400006
