"size","frequency"
-1.35192784644464,0.282917344857344
-0.836907714465732,0.206025245326925
-0.32188758248682,0.213846378060017
0.193132549492092,0.159665603170964
0.708152681471004,0.0865999645328421
1.22317281344992,0.0355767652055058
1.73819294542883,0.0114946272358653
2.25321307740774,0.00304330439102659
2.76823320938665,0.00069023294719389
3.28325334136556,0.000140534272315976
