"size","frequency"
-1.35192784644464,0.232440343226349
-0.836907714465732,0.201863639884691
-0.32188758248682,0.22818234039952
0.193132549492092,0.179129039717355
0.708152681471004,0.0997914463333226
1.22317281344992,0.0412196845659345
1.73819294542883,0.0131387282718634
2.25321307740774,0.00337117680687537
2.76823320938665,0.000726744314689262
3.28325334136556,0.000136856479399905
