"size","frequency"
-1.35192784644464,0.296684259297653
-0.836907714465732,0.208539299271983
-0.32188758248682,0.211118105315681
0.193132549492092,0.153972676081998
0.708152681471004,0.0818822723204993
1.22317281344992,0.0332628842158585
1.73819294542883,0.0107695985022134
2.25321307740774,0.00291814361665587
2.76823320938665,0.000698112612398394
3.28325334136556,0.000154648765059741
