"size","frequency"
-1.35192784644464,0.29074750061986
-0.836907714465732,0.202958608250324
-0.32188758248682,0.210416353452035
0.193132549492092,0.157505633572591
0.708152681471004,0.0860202174221189
1.22317281344992,0.0359553253549112
1.73819294542883,0.0120152519184683
2.25321307740774,0.00336442764812615
2.76823320938665,0.00082878883097558
3.28325334136556,0.000187892930590636
