"size","frequency"
-1.35192784644464,0.292914266929116
-0.836907714465732,0.207365071083932
-0.32188758248682,0.211407442571359
0.193132549492092,0.155651143885444
0.708152681471004,0.0835854545934682
1.22317281344992,0.0342064894460283
1.73819294542883,0.0110849074144843
2.25321307740774,0.0029631205953571
2.76823320938665,0.000681690123977847
3.28325334136556,0.000140413356832831
