"size","frequency"
-1.35192784644464,0.229039218640173
-0.836907714465732,0.201962234329774
-0.32188758248682,0.229186986974184
0.193132549492092,0.180362726107348
0.708152681471004,0.100512326052725
1.22317281344992,0.0414626898993674
1.73819294542883,0.0132019039039381
2.25321307740774,0.00339299843710255
2.76823320938665,0.000737269856938939
3.28325334136556,0.000141645798448545
