"size","frequency"
-1.35192784644464,0.291876517507168
-0.836907714465732,0.208470811102913
-0.32188758248682,0.212386285275856
0.193132549492092,0.155633179686263
0.708152681471004,0.0830544826602926
1.22317281344992,0.0338283036276925
1.73819294542883,0.0109631602532188
2.25321307740774,0.00295213901147194
2.76823320938665,0.000689739205229884
3.28325334136556,0.000145381669894382
