"size","frequency"
-1.35192784644464,0.289552655434861
-0.836907714465732,0.205543425200369
-0.32188758248682,0.210968237799589
0.193132549492092,0.156752319013838
0.708152681471004,0.0854309416419732
1.22317281344992,0.0356944335660283
1.73819294542883,0.0118670216331034
2.25321307740774,0.00326167139340139
2.76823320938665,0.00076901201020509
3.28325334136556,0.000160282306631394
