"size","frequency"
-1.35192784644464,0.243360703708219
-0.836907714465732,0.184119050225073
-0.32188758248682,0.213307996524772
0.193132549492092,0.177326396987106
0.708152681471004,0.107524970148081
1.22317281344992,0.0496066564098416
1.73819294542883,0.017966212671897
2.25321307740774,0.00525437133994387
2.76823320938665,0.0012729175125201
3.28325334136556,0.000260724472548049
