"size","frequency"
-1.35192784644464,0.28736720540973
-0.836907714465732,0.206965747342011
-0.32188758248682,0.212943042347011
0.193132549492092,0.157509125617619
0.708152681471004,0.0848861912201617
1.22317281344992,0.0349053584456852
1.73819294542883,0.0114186893365394
2.25321307740774,0.0031094041073784
2.76823320938665,0.000737308846122191
3.28325334136556,0.00015792732774162
