"size","frequency"
-1.35192784644464,0.244193695207099
-0.836907714465732,0.184419254270462
-0.32188758248682,0.213323135256099
0.193132549492092,0.177041748532082
0.708152681471004,0.107149156357934
1.22317281344992,0.0493307859700218
1.73819294542883,0.0178267094845959
2.25321307740774,0.00520149408532569
2.76823320938665,0.00125713046063974
3.28325334136556,0.000256890375740151
