"size","frequency"
-1.35192784644464,0.241585861906255
-0.836907714465732,0.205440266792544
-0.32188758248682,0.228466534278168
0.193132549492092,0.175723672469991
0.708152681471004,0.0952859735151377
1.22317281344992,0.0381275407480422
1.73819294542883,0.0117417795814057
2.25321307740774,0.00290923886288379
2.76823320938665,0.000607312080248702
3.28325334136556,0.000111819765324171
