"size","frequency"
-1.35192784644464,0.24231133032907
-0.836907714465732,0.184789154582525
-0.32188758248682,0.214031001270347
0.193132549492092,0.177601191144308
0.708152681471004,0.107392184343815
1.22317281344992,0.0493722020034206
1.73819294542883,0.0178104467500642
2.25321307740774,0.0051865592025606
2.76823320938665,0.00125087615768568
3.28325334136556,0.000255054216204899
