"size","frequency"
-1.35192784644464,0.245306973564948
-0.836907714465732,0.184087597968034
-0.32188758248682,0.212862721415268
0.193132549492092,0.176744913067962
0.708152681471004,0.107059270830478
1.22317281344992,0.0493447101195716
1.73819294542883,0.0178551542953136
2.25321307740774,0.00521731414747478
2.76823320938665,0.00126288036083979
3.28325334136556,0.000258464230109926
