"size","frequency"
-1.35192784644464,0.289798679273218
-0.836907714465732,0.207366694232047
-0.32188758248682,0.212456377771915
0.193132549492092,0.156661416268897
0.708152681471004,0.0841768371391319
1.22317281344992,0.0344870112568704
1.73819294542883,0.0112060438619108
2.25321307740774,0.00300822331026336
2.76823320938665,0.000695107586643378
3.28325334136556,0.000143609299102262
