"size","frequency"
-1.35192784644464,0.286246045576188
-0.836907714465732,0.205120764259385
-0.32188758248682,0.212294365361971
0.193132549492092,0.158423370966265
0.708152681471004,0.086207880542041
1.22317281344992,0.0357838723223592
1.73819294542883,0.0117917272639051
2.25321307740774,0.00321630204926845
2.76823320938665,0.000756664468818411
3.28325334136556,0.000159007189798508
