"size","frequency"
-1.35192784644464,0.22469475599361
-0.836907714465732,0.196678776015014
-0.32188758248682,0.227291485539858
0.193132549492092,0.182957254620106
0.708152681471004,0.104641238198963
1.22317281344992,0.0444002230146651
1.73819294542883,0.0145251854644592
2.25321307740774,0.00381352125554226
2.76823320938665,0.000837420606313914
3.28325334136556,0.000160139291469011
