"size","frequency"
-1.35192784644464,0.285214860425905
-0.836907714465732,0.206140527207921
-0.32188758248682,0.213353774021074
0.193132549492092,0.158689204174842
0.708152681471004,0.0858471545732679
1.22317281344992,0.0353201685664465
1.73819294542883,0.0114954153753813
2.25321307740774,0.00308394939799267
2.76823320938665,0.000709887448286263
3.28325334136556,0.000145058808883227
