"size","frequency"
-1.35192784644464,0.24394562280858
-0.836907714465732,0.185743399983434
-0.32188758248682,0.214152652401065
0.193132549492092,0.176879396520057
0.708152681471004,0.106475388995546
1.22317281344992,0.0487428057278597
1.73819294542883,0.0175124056093532
2.25321307740774,0.00507989867594658
2.76823320938665,0.00122049880912119
3.28325334136556,0.00024793046903652
