"size","frequency"
-1.35192784644464,0.229259041830776
-0.836907714465732,0.200078030179303
-0.32188758248682,0.229158793725893
0.193132549492092,0.181348056901021
0.708152681471004,0.101199304836237
1.22317281344992,0.0416417550756253
1.73819294542883,0.0131569410193711
2.25321307740774,0.00332757019515013
2.76823320938665,0.000702140649390161
3.28325334136556,0.000128365587233347
