"size","frequency"
-1.35192784644464,0.283496989673988
-0.836907714465732,0.204849640764081
-0.32188758248682,0.213123803520093
0.193132549492092,0.159357889173267
0.708152681471004,0.0868048407509551
1.22317281344992,0.0361124987136459
1.73819294542883,0.0119763863396967
2.25321307740774,0.00331054784902314
2.76823320938665,0.000795618437665819
3.28325334136556,0.000171784777582987
