"size","frequency"
-1.35192784644464,0.243789539522025
-0.836907714465732,0.185692403598828
-0.32188758248682,0.214152905440094
0.193132549492092,0.176932033184636
0.708152681471004,0.106542707185337
1.22317281344992,0.0487917775350378
1.73819294542883,0.0175372295592172
2.25321307740774,0.00508939768282338
2.76823320938665,0.00122337042544008
3.28325334136556,0.000248635866560419
