"size","frequency"
-1.35192784644464,0.283179313433169
-0.836907714465732,0.20504498479699
-0.32188758248682,0.212419725488408
0.193132549492092,0.159280615761542
0.708152681471004,0.0872958640732214
1.22317281344992,0.0365062919428882
1.73819294542883,0.0120836297103021
2.25321307740774,0.00328106094416422
2.76823320938665,0.000756109068446792
3.28325334136556,0.000152404780867322
