"size","frequency"
-1.35192784644464,0.237064538088069
-0.836907714465732,0.181809107411202
-0.32188758248682,0.213799136125688
0.193132549492092,0.180038469373822
0.708152681471004,0.110314857881871
1.22317281344992,0.0512703276258221
1.73819294542883,0.0186483914075477
2.25321307740774,0.00546239779142343
2.76823320938665,0.00132249481475897
3.28325334136556,0.00027027947979597
