"size","frequency"
-1.35192784644464,0.290668796717756
-0.836907714465732,0.2058246405943
-0.32188758248682,0.210844314581472
0.193132549492092,0.156353610083899
0.708152681471004,0.0849910785694474
1.22317281344992,0.035435132054626
1.73819294542883,0.0117594153307068
2.25321307740774,0.00321844875629227
2.76823320938665,0.00075096435935655
3.28325334136556,0.000153598952144653
