"size","frequency"
-1.35192784644464,0.281554499992479
-0.836907714465732,0.203649993002344
-0.32188758248682,0.21222900190434
0.193132549492092,0.160137935781105
0.708152681471004,0.0884245486450344
1.22317281344992,0.0372556251423267
1.73819294542883,0.0124120296268618
2.25321307740774,0.00339035110741258
2.76823320938665,0.000786300659572613
3.28325334136556,0.000159714138522762
