"size","frequency"
-1.35192784644464,0.291265370487064
-0.836907714465732,0.209299066234931
-0.32188758248682,0.212720349213367
0.193132549492092,0.155542685079063
0.708152681471004,0.0829498270927808
1.22317281344992,0.0336945235522128
1.73819294542883,0.0108335951511557
2.25321307740774,0.00288313434490995
2.76823320938665,0.000668813323730785
3.28325334136556,0.000142635520784536
