"size","frequency"
-1.35192784644464,0.290204457206739
-0.836907714465732,0.205473525930993
-0.32188758248682,0.210610180126249
0.193132549492092,0.15652326952718
0.708152681471004,0.0852897393591989
1.22317281344992,0.03565827714096
1.73819294542883,0.0119198109018253
2.25321307740774,0.00332967510604145
2.76823320938665,0.000811887382906916
3.28325334136556,0.000179177317906027
