"size","frequency"
-1.35192784644464,0.289621465656765
-0.836907714465732,0.205791594490083
-0.32188758248682,0.212451654572829
0.193132549492092,0.157619825173783
0.708152681471004,0.0847804147250795
1.22317281344992,0.0346215963504892
1.73819294542883,0.0112088060624706
2.25321307740774,0.00302313503706879
2.76823320938665,0.000719932063280328
3.28325334136556,0.000161575868152052
