"size","frequency"
-1.35192784644464,0.239597051681701
-0.836907714465732,0.181693289978629
-0.32188758248682,0.213107420612961
0.193132549492092,0.179246944334847
0.708152681471004,0.109768553126618
1.22317281344992,0.0510093941500591
1.73819294542883,0.0185551401277742
2.25321307740774,0.00543634259189572
2.76823320938665,0.00131665431322745
3.28325334136556,0.000269209082287892
