"size","frequency"
-1.35192784644464,0.293154402826015
-0.836907714465732,0.208310650269724
-0.32188758248682,0.211195795047869
0.193132549492092,0.154937126390975
0.708152681471004,0.0831836743259159
1.22317281344992,0.0341655997795898
1.73819294542883,0.011168553894257
2.25321307740774,0.00302805268301523
2.76823320938665,0.000708377821556573
3.28325334136556,0.000147766961083045
