"size","frequency"
-1.35192784644464,0.348604906421774
-0.836907714465732,0.279914446869473
-0.32188758248682,0.232321403166381
0.193132549492092,0.105158892095435
0.708152681471004,0.0282066433894482
1.22317281344992,0.00505666017464665
1.73819294542883,0.000663197529126752
2.25321307740774,6.76880908453788e-05
2.76823320938665,5.73322578217086e-06
3.28325334136556,4.29037087623825e-07
