"size","frequency"
-1.35192784644464,0.441514915030736
-0.836907714465732,0.148986603386817
-0.32188758248682,0.137745366242586
0.193132549492092,0.115053039875918
0.708152681471004,0.0782028174673666
1.22317281344992,0.0444736491934965
1.73819294542883,0.0213793858106063
2.25321307740774,0.00871587466900104
2.76823320938665,0.00302691350059009
3.28325334136556,0.000901434822883182
