"size","frequency"
-1.35192784644464,0.278709107843724
-0.836907714465732,0.208055417557924
-0.32188758248682,0.215945610647032
0.193132549492092,0.160212033225794
0.708152681471004,0.0862758935621819
1.22317281344992,0.0352708946973604
1.73819294542883,0.0114414400056232
2.25321307740774,0.00312637549462546
2.76823320938665,0.000776646676271957
3.28325334136556,0.000186580289463547
