"size","frequency"
-1.35192784644464,0.354231201720328
-0.836907714465732,0.276451694579065
-0.32188758248682,0.23069065517892
0.193132549492092,0.104729718350571
0.708152681471004,0.0279454941651759
1.22317281344992,0.0050940721278607
1.73819294542883,0.000744300832999034
2.25321307740774,9.88143798317039e-05
2.76823320938665,1.25437221292203e-05
3.28325334136556,1.50494312026012e-06
