"size","frequency"
-1.35192784644464,0.293111843138843
-0.836907714465732,0.206451504740406
-0.32188758248682,0.210656693108782
0.193132549492092,0.155543562703902
0.708152681471004,0.0840309199974653
1.22317281344992,0.0347478125075421
1.73819294542883,0.0114349866144703
2.25321307740774,0.00312249038638019
2.76823320938665,0.000740558386777952
3.28325334136556,0.000159628415432169
