"size","frequency"
-1.35192784644464,0.335613297790541
-0.836907714465732,0.278648592189218
-0.32188758248682,0.236452965167293
0.193132549492092,0.110643160065669
0.708152681471004,0.0313509993460587
1.22317281344992,0.00613699972604467
1.73819294542883,0.000968039098223016
2.25321307740774,0.000151474330272465
2.76823320938665,2.84898328362936e-05
3.28325334136556,5.98245384417602e-06
