"size","frequency"
-1.35192784644464,0.284205610806557
-0.836907714465732,0.206648329433494
-0.32188758248682,0.21310858550628
0.193132549492092,0.158060006454963
0.708152681471004,0.0857910912823178
1.22317281344992,0.0358006236983328
1.73819294542883,0.0119981063581415
2.25321307740774,0.00337528385604611
2.76823320938665,0.000829320336537358
3.28325334136556,0.000183042267329821
