"size","frequency"
-1.35192784644464,0.290305832013108
-0.836907714465732,0.205473949995026
-0.32188758248682,0.210834961147434
0.193132549492092,0.157054611925516
0.708152681471004,0.0853473876122592
1.22317281344992,0.0353340810259051
1.73819294542883,0.0116031368650368
2.25321307740774,0.00315169938818215
2.76823320938665,0.000738737841290925
3.28325334136556,0.000155602186242092
