"size","frequency"
-1.35192784644464,0.432062188629492
-0.836907714465732,0.149737282151322
-0.32188758248682,0.14020702444033
0.193132549492092,0.117829941582006
0.708152681471004,0.0803141959437649
1.22317281344992,0.0455791257423647
1.73819294542883,0.0217353938960533
2.25321307740774,0.00872722640683173
2.76823320938665,0.00295803569511889
3.28325334136556,0.000849585512716849
