"size","frequency"
-1.35192784644464,0.291725783799041
-0.836907714465732,0.206353760686348
-0.32188758248682,0.210992419808322
0.193132549492092,0.155774780961187
0.708152681471004,0.0841854992434393
1.22317281344992,0.0349844433229209
1.73819294542883,0.0116871466263198
2.25321307740774,0.00329007619554333
2.76823320938665,0.000818398072432273
3.28325334136556,0.000187691284446665
