"size","frequency"
-1.35192784644464,0.284730146979925
-0.836907714465732,0.202847459259369
-0.32188758248682,0.211036907985049
0.193132549492092,0.159313206345631
0.708152681471004,0.0880605417596764
1.22317281344992,0.037176851495884
1.73819294542883,0.012435472178272
2.25321307740774,0.00342505926908418
2.76823320938665,0.000806705206127809
3.28325334136556,0.000167649520981912
