"size","frequency"
-1.35192784644464,0.290122924794003
-0.836907714465732,0.204577363271314
-0.32188758248682,0.2109313063203
0.193132549492092,0.157481813554133
0.708152681471004,0.0857317326250017
1.22317281344992,0.0355147808939459
1.73819294542883,0.0116322310073531
2.25321307740774,0.00313569546119755
2.76823320938665,0.000723959034073761
3.28325334136556,0.000148193038677031
