"size","frequency"
-1.35192784644464,0.455562269011416
-0.836907714465732,0.148925539959412
-0.32188758248682,0.135169095881758
0.193132549492092,0.111515674011317
0.708152681471004,0.0748559668455414
1.22317281344992,0.0421058013448341
1.73819294542883,0.0200771785074649
2.25321307740774,0.00814012207087736
2.76823320938665,0.00281473535115582
3.28325334136556,0.00083361701622394
