"size","frequency"
-1.35192784644464,0.341131129006953
-0.836907714465732,0.26819331377252
-0.32188758248682,0.23369580611924
0.193132549492092,0.114411325280384
0.708152681471004,0.0342302486543741
1.22317281344992,0.00705255101683624
1.73819294542883,0.00111714280343517
2.25321307740774,0.000148853774598612
2.76823320938665,1.76961413613529e-05
3.28325334136556,1.93343029735379e-06
