"size","frequency"
-1.35192784644464,0.348402158441668
-0.836907714465732,0.282938270784268
-0.32188758248682,0.23082948890592
0.193132549492092,0.103413647064508
0.708152681471004,0.0282864891618153
1.22317281344992,0.00529235277974823
1.73819294542883,0.000744055052057235
2.25321307740774,8.46846447933608e-05
2.76823320938665,8.17103781589618e-06
3.28325334136556,6.82127405858792e-07
