"","Species","N","Constant model","Climate model","Full model","Contribution of climate covariates"
"1","BOGR",4662,7213.57960714387,4960.08164842813,3975.53275037959,0.695943591430181
"2","HECO",1973,2672.70213878829,2231.69214454515,1951.09536999838,0.611150024247544
"3","PASM",7955,3375.80355091991,3308.93394445057,3170.47955890047,0.325678484095526
"4","POSE",2990,4112.09680175605,3743.77938209564,2875.84534523413,0.297930827678567
