"","Point est.","Upper C.I."
"intG[1]",1.00009421177619,1.00033354931033
"intG[2]",1.00002681246351,1.00007418045469
"intG[3]",1.00000607040815,1.00002820470656
"intG[4]",1.00008023048057,1.00029537907805
"intG[5]",1.00003317882868,1.00013248693568
"intG[6]",1.00010858985246,1.0001911795888
"intercept[1]",1.00006205776618,1.00025175693652
"intercept[2]",1.00000473640551,1.00000747975741
"intercept[3]",1.00004491852427,1.00011880803424
"intercept[4]",1.00011404324655,1.00042535533329
