"size","frequency"
-1.35192784644464,0.236916246221101
-0.836907714465732,0.181758684105995
-0.32188758248682,0.213796508608691
0.193132549492092,0.180087526707704
0.708152681471004,0.110380261284846
1.22317281344992,0.0513189232105423
1.73819294542883,0.0186733678103818
2.25321307740774,0.00547204659617308
2.76823320938665,0.00132543122104336
3.28325334136556,0.000271004233522628
