"size","frequency"
-1.35192784644464,0.215556727771687
-0.836907714465732,0.184473400189949
-0.32188758248682,0.222781442117172
0.193132549492092,0.188346139587251
0.708152681471004,0.113913259409759
1.22317281344992,0.0512153602608769
1.73819294542883,0.0176468908615027
2.25321307740774,0.00480564114534456
2.76823320938665,0.00106475320424361
3.28325334136556,0.000196385452214486
