"size","frequency"
-1.35192784644464,0.214128283699854
-0.836907714465732,0.183561200419026
-0.32188758248682,0.222604217687688
0.193132549492092,0.188996757708883
0.708152681471004,0.114784745580729
1.22317281344992,0.0518143715334523
1.73819294542883,0.0179216243913785
2.25321307740774,0.0048982443108907
2.76823320938665,0.0010890310103524
3.28325334136556,0.000201523657746277
