"size","frequency"
-1.35192784644464,0.238223164569859
-0.836907714465732,0.182599752560895
-0.32188758248682,0.213947949627023
0.193132549492092,0.179499657118629
0.708152681471004,0.109599696850727
1.22317281344992,0.0507741381869329
1.73819294542883,0.0184133524375143
2.25321307740774,0.00537869372347297
2.76823320938665,0.00129882761708001
3.28325334136556,0.000264767307866715
