"size","frequency"
-1.35192784644464,0.213915596258707
-0.836907714465732,0.183597160093194
-0.32188758248682,0.222677095434683
0.193132549492092,0.189059187357261
0.708152681471004,0.114816478919294
1.22317281344992,0.0518236819357654
1.73819294542883,0.0179226779938487
2.25321307740774,0.00489787511058241
2.76823320938665,0.00108879525403588
3.28325334136556,0.00020145164262834
