"size","frequency"
-1.35192784644464,0.213908598987564
-0.836907714465732,0.183593238247259
-0.32188758248682,0.2226761364704
0.193132549492092,0.189061927010464
0.708152681471004,0.114820520278066
1.22317281344992,0.051826654828934
1.73819294542883,0.0179241214709795
2.25321307740774,0.00489838585524806
2.76823320938665,0.00108893471536702
3.28325334136556,0.000201482135718653
