"size","frequency"
-1.35192784644464,0.21449321729781
-0.836907714465732,0.183504835794859
-0.32188758248682,0.222472653287421
0.193132549492092,0.18888181265852
0.708152681471004,0.114730201769812
1.22317281344992,0.0518023617073026
1.73819294542883,0.0179229805557928
2.25321307740774,0.00490029952038285
2.76823320938665,0.0010898828405819
3.28325334136556,0.000201754567516984
