"size","frequency"
-1.35192784644464,0.210501015161917
-0.836907714465732,0.181545597977031
-0.32188758248682,0.222431150035239
0.193132549492092,0.190671260841359
0.708152681471004,0.116811046440676
1.22317281344992,0.0531249006723901
1.73819294542883,0.0184903863805795
2.25321307740774,0.00507988072349419
2.76823320938665,0.00113417580511461
3.28325334136556,0.000210585962200035
