"size","frequency"
-1.35192784644464,0.2117792996822
-0.836907714465732,0.182392250035129
-0.32188758248682,0.222616843529075
0.193132549492092,0.190088670002905
0.708152681471004,0.116010581397849
1.22317281344992,0.052568725817999
1.73819294542883,0.0182336130701946
2.25321307740774,0.00499295644957263
2.76823320938665,0.00111132089629561
3.28325334136556,0.000205739118779896
