"size","frequency"
-1.35192784644464,0.21390252963654
-0.836907714465732,0.183590492267055
-0.32188758248682,0.222675684337868
0.193132549492092,0.189064181074428
0.708152681471004,0.114823648508065
1.22317281344992,0.0518289214137352
1.73819294542883,0.0179252195443138
2.25321307740774,0.00489877576578476
2.76823320938665,0.0010890417876132
3.28325334136556,0.000201505664597145
