"size","frequency"
-1.35192784644464,0.213922027573572
-0.836907714465732,0.183600059637527
-0.32188758248682,0.222677568585316
0.193132549492092,0.18905680101297
0.708152681471004,0.114813170081293
1.22317281344992,0.0518212849309043
1.73819294542883,0.0179215167185699
2.25321307740774,0.00489746271554269
2.76823320938665,0.00108868199301065
3.28325334136556,0.000201426751294272
