"size","frequency"
-1.54133198893826,NA
-1.40512014194658,NA
-1.2689082949549,NA
-1.13269644796322,NA
-0.996484600971539,NA
-0.860272753979859,NA
-0.724060906988178,NA
-0.587849059996498,NA
-0.451637213004818,NA
-0.315425366013138,NA
-0.179213519021457,NA
-0.0430016720297769,NA
0.0932101749619034,NA
0.229422021953584,NA
0.365633868945264,NA
0.501845715936944,NA
0.638057562928624,NA
0.774269409920305,NA
0.910481256911985,NA
1.04669310390367,NA
1.18290495089535,NA
1.31911679788703,NA
1.45532864487871,NA
1.59154049187039,NA
1.72775233886207,NA
1.86396418585375,NA
2.00017603284543,NA
2.13638787983711,NA
2.27259972682879,NA
2.40881157382047,NA
2.54502342081215,NA
2.68123526780383,NA
2.81744711479551,NA
2.95365896178719,NA
3.08987080877887,NA
3.22608265577055,NA
3.36229450276223,NA
3.49850634975391,NA
3.63471819674559,NA
3.77093004373727,NA
3.90714189072895,NA
4.04335373772063,NA
4.17956558471231,NA
4.31577743170399,NA
4.45198927869567,NA
4.58820112568735,NA
4.72441297267903,NA
4.86062481967071,NA
4.99683666666239,NA
5.13304851365407,NA
5.26926036064575,NA
5.40547220763743,NA
5.54168405462911,NA
5.6778959016208,NA
5.81410774861248,NA
5.95031959560415,NA
6.08653144259583,NA
6.22274328958752,NA
6.3589551365792,NA
6.49516698357088,NA
6.63137883056256,NA
6.76759067755424,NA
6.90380252454592,NA
7.0400143715376,NA
7.17622621852928,NA
7.31243806552096,NA
7.44864991251264,NA
7.58486175950432,NA
7.721073606496,NA
7.85728545348768,NA
7.99349730047936,NA
8.12970914747104,NA
8.26592099446272,NA
8.4021328414544,NA
8.53834468844608,NA
