"size","frequency"
-1.54068112413916,NA
-1.40316754754927,NA
-1.26565397095938,NA
-1.1281403943695,NA
-0.990626817779609,NA
-0.853113241189722,NA
-0.715599664599835,NA
-0.578086088009948,NA
-0.440572511420061,NA
-0.303058934830174,NA
-0.165545358240287,NA
-0.0280317816503995,NA
0.109481794939487,NA
0.246995371529375,NA
0.384508948119262,NA
0.522022524709149,NA
0.659536101299036,NA
0.797049677888922,NA
0.934563254478809,NA
1.0720768310687,NA
1.20959040765858,NA
1.34710398424847,NA
1.48461756083836,NA
1.62213113742824,NA
1.75964471401813,NA
1.89715829060802,NA
2.03467186719791,NA
2.17218544378779,NA
2.30969902037768,NA
2.44721259696757,NA
2.58472617355745,NA
2.72223975014734,NA
2.85975332673723,NA
2.99726690332711,NA
3.134780479917,NA
3.27229405650689,NA
3.40980763309678,NA
3.54732120968666,NA
3.68483478627655,NA
3.82234836286644,NA
3.95986193945632,NA
4.09737551604621,NA
4.2348890926361,NA
4.37240266922599,NA
4.50991624581587,NA
4.64742982240576,NA
4.78494339899565,NA
4.92245697558553,NA
5.05997055217542,NA
5.19748412876531,NA
