"size","frequency"
-1.35192784644464,0.354983093264053
-0.836907714465732,0.180058872588104
-0.32188758248682,0.180397145644924
0.193132549492092,0.140029067118087
0.708152681471004,0.0827775640158946
1.22317281344992,0.0391798579896017
1.73819294542883,0.0153948170966233
2.25321307740774,0.00519718992604388
2.76823320938665,0.00155771112457072
3.28325334136556,0.000424681232097238
