"size","frequency"
-1.35192784644464,0.271803098635092
-0.836907714465732,0.211040412789077
-0.32188758248682,0.219162551046043
0.193132549492092,0.161901485404023
0.708152681471004,0.0865832872378657
1.22317281344992,0.0349529222865655
1.73819294542883,0.0110270321259556
2.25321307740774,0.00281584900661307
2.76823320938665,0.000602243796841167
3.28325334136556,0.000111117671923531
