"size","frequency"
-1.35192784644464,0.289790218285047
-0.836907714465732,0.210858943673108
-0.32188758248682,0.215565146545057
0.193132549492092,0.156314381284594
0.708152681471004,0.0818917892883283
1.22317281344992,0.032403831114673
1.73819294542883,0.0100284385048824
2.25321307740774,0.00251695529348261
2.76823320938665,0.000532088763030228
3.28325334136556,9.82072477984267e-05
