"size","frequency"
-1.35192784644464,0.302193876914856
-0.836907714465732,0.185587399478973
-0.32188758248682,0.192919607506374
0.193132549492092,0.153867089170344
0.708152681471004,0.0934962918294435
1.22317281344992,0.0452394631713972
1.73819294542883,0.0180861396009301
2.25321307740774,0.0061955527392342
2.76823320938665,0.00188687789147211
3.28325334136556,0.000527701696976443
