"size","frequency"
-1.35192784644464,0.378316014718746
-0.836907714465732,0.155066030533564
-0.32188758248682,0.150512985681788
0.193132549492092,0.127099026645573
0.708152681471004,0.0875364905729849
1.22317281344992,0.0517673602370578
1.73819294542883,0.0274027169655175
2.25321307740774,0.013406543499441
2.76823320938665,0.00618543510161773
3.28325334136556,0.00270739604370981
