"size","frequency"
-1.35192784644464,0.449878388121579
-0.836907714465732,0.137690004754107
-0.32188758248682,0.118518962902035
0.193132549492092,0.101757289943935
0.708152681471004,0.0754841252288822
1.22317281344992,0.0502943933772309
1.73819294542883,0.0311403312907551
2.25321307740774,0.0184191969843519
2.76823320938665,0.0106754703479129
3.28325334136556,0.00614183704921168
