"size","frequency"
-1.54268666126389,NA
-1.40918415892347,NA
-1.27568165658305,NA
-1.14217915424263,NA
-1.00867665190221,NA
-0.87517414956179,NA
-0.74167164722137,NA
-0.60816914488095,NA
-0.47466664254053,NA
-0.34116414020011,NA
-0.20766163785969,NA
-0.0741591355192699,NA
0.0593433668211502,NA
0.19284586916157,NA
0.32634837150199,NA
0.459850873842411,NA
0.59335337618283,NA
0.72685587852325,NA
0.86035838086367,NA
0.99386088320409,NA
1.12736338554451,NA
1.26086588788493,NA
1.39436839022535,NA
1.52787089256577,NA
1.66137339490619,NA
1.79487589724661,NA
1.92837839958703,NA
2.06188090192745,NA
2.19538340426787,NA
2.32888590660829,NA
2.46238840894871,NA
2.59589091128913,NA
2.72939341362955,NA
2.86289591596997,NA
2.99639841831039,NA
3.12990092065081,NA
3.26340342299123,NA
3.39690592533165,NA
3.53040842767207,NA
3.66391093001249,NA
3.79741343235291,NA
3.93091593469333,NA
4.06441843703375,NA
4.19792093937417,NA
4.33142344171459,NA
4.46492594405501,NA
4.59842844639543,NA
4.73193094873585,NA
4.86543345107627,NA
4.99893595341669,NA
